{
    "TATACONSUM": {
        "timeAndPrice": [
            {
                "CE_ShortBuildup": 75.0,
                "CE_LongBuildup": 0.0,
                "removed": "15:12:00.489",
                "PE_LongBuildUp": 16.666666666666664,
                "PE_LongUnwinding": 0.0,
                "PE_ShortBuildUp": 0.0,
                "ltp": 1015.4,
                "time": "14:51:30.072",
                "CE_ShortCovering": 0.0,
                "PE_ShortCovering": 66.66666666666666,
                "CE_LongUnwinding": 25.0
            },
            {
                "CE_ShortBuildup": 75.0,
                "CE_LongBuildup": 0.0,
                "PE_LongBuildUp": 16.666666666666664,
                "PE_LongUnwinding": 0.0,
                "PE_ShortBuildUp": 0.0,
                "ltp": 1014.3,
                "time": "15:29:00.142",
                "CE_ShortCovering": 0.0,
                "PE_ShortCovering": 66.66666666666666,
                "CE_LongUnwinding": 25.0
            }
        ],
        "count": 2,
        "active": true
    },
    "BRITANNIA": {
        "timeAndPrice": [
            {
                "CE_ShortBuildup": 91.66666666666666,
                "CE_LongBuildup": 8.333333333333332,
                "PE_LongBuildUp": 41.66666666666667,
                "PE_LongUnwinding": 0.0,
                "PE_ShortBuildUp": 0.0,
                "ltp": 4942.45,
                "time": "14:53:30.031",
                "CE_ShortCovering": 0.0,
                "PE_ShortCovering": 58.333333333333336,
                "CE_LongUnwinding": 0.0
            }
        ],
        "count": 1,
        "active": true
    },
    "ASIANPAINT": {
        "timeAndPrice": [
            {
                "CE_ShortBuildup": 75.0,
                "CE_LongBuildup": 8.333333333333332,
                "removed": "09:37:30.012",
                "PE_LongBuildUp": 8.333333333333332,
                "PE_LongUnwinding": 0.0,
                "PE_ShortBuildUp": 8.333333333333332,
                "ltp": 2257.55,
                "time": "09:22:30.012",
                "CE_ShortCovering": 0.0,
                "PE_ShortCovering": 75.0,
                "CE_LongUnwinding": 16.666666666666664
            },
            {
                "CE_ShortBuildup": 75.0,
                "CE_LongBuildup": 8.333333333333332,
                "removed": "09:58:30.012",
                "PE_LongBuildUp": 25.0,
                "PE_LongUnwinding": 8.333333333333332,
                "PE_ShortBuildUp": 8.333333333333332,
                "ltp": 2252.85,
                "time": "09:38:00.332",
                "CE_ShortCovering": 0.0,
                "PE_ShortCovering": 58.333333333333336,
                "CE_LongUnwinding": 16.666666666666664
            },
            {
                "CE_ShortBuildup": 83.33333333333334,
                "CE_LongBuildup": 8.333333333333332,
                "removed": "10:00:10.935",
                "PE_LongBuildUp": 8.333333333333332,
                "PE_LongUnwinding": 8.333333333333332,
                "PE_ShortBuildUp": 8.333333333333332,
                "ltp": 2255.95,
                "time": "09:59:00.470",
                "CE_ShortCovering": 0.0,
                "PE_ShortCovering": 58.333333333333336,
                "CE_LongUnwinding": 8.333333333333332
            },
            {
                "CE_ShortBuildup": 91.66666666666666,
                "CE_LongBuildup": 8.333333333333332,
                "removed": "10:23:30.010",
                "PE_LongBuildUp": 8.333333333333332,
                "PE_LongUnwinding": 16.666666666666664,
                "PE_ShortBuildUp": 16.666666666666664,
                "ltp": 2257.65,
                "time": "10:01:30.011",
                "CE_ShortCovering": 0.0,
                "PE_ShortCovering": 58.333333333333336,
                "CE_LongUnwinding": 0.0
            }
        ],
        "count": 4,
        "active": false
    }
}